Country,Pre_COVID_Avg,COVID_Avg,COVID_Impact_Main,COVID_Impact_Peak,Peak_COVID_Year,Long_Run_Mean,Long_Run_Max,Hyperinflation_Outlier,Outlier_Note
Afghanistan,2.6366666666666667,8.07,5.433333333333334,11.073333333333334,2022.0,15.253181818181817,71.5,0,
Albania,1.8,3.4333333333333336,1.6333333333333335,4.9,2022.0,14.59714285714286,226.0,0,
Algeria,3.9666666666666663,6.3,2.3333333333333335,5.333333333333334,2022.0,8.49111111111111,31.7,0,
Andorra,1.3666666666666665,2.6666666666666665,1.3,4.833333333333334,2022.0,2.069565217391305,6.2,0,
Angola,22.166666666666668,23.166666666666668,1.0,3.633333333333333,2021.0,249.81999999999996,4146.0,0,
Antigua and Barbuda,1.6666666666666667,3.4,1.7333333333333332,5.833333333333333,2022.0,3.2333333333333334,19.0,0,
Argentina,37.833333333333336,54.26666666666667,16.433333333333337,34.56666666666667,2022.0,25.758333333333336,121.7,0,
Armenia,1.7,5.666666666666667,3.966666666666667,6.8999999999999995,2022.0,291.196875,5273.4,0,
Aruba,2.1666666666666665,1.6333333333333335,-0.533333333333333,3.3333333333333335,2022.0,2.8947368421052637,9.0,0,
Australia,1.8333333333333333,3.433333333333333,1.5999999999999999,4.766666666666667,2022.0,4.051111111111111,11.4,0,
Austria,1.9333333333333336,4.266666666666667,2.333333333333333,6.666666666666666,2022.0,2.6933333333333334,8.6,0,
Azerbaijan,5.933333333333334,7.8,1.8666666666666663,7.966666666666667,2022.0,105.74375,1664.0,0,
"Bahamas, The",2.1,2.8333333333333335,0.7333333333333334,3.4999999999999996,2022.0,3.2244444444444444,12.2,0,
Bahrain,1.5,0.2333333333333334,-1.2666666666666666,2.1,2022.0,1.655555555555556,11.4,0,
Bangladesh,5.566666666666666,5.766666666666666,0.1999999999999993,0.5333333333333332,2022.0,7.431111111111112,14.9,0,
Barbados,-12.566666666666668,2.3333333333333335,14.900000000000002,17.56666666666667,2022.0,3.1599999999999993,18.5,0,
Belarus,5.5,10.066666666666666,4.566666666666666,9.7,2022.0,184.37352941176468,2220.9,0,
Belgium,1.9333333333333333,4.633333333333334,2.7,8.366666666666667,2022.0,2.877777777777778,10.3,0,
Belize,0.5333333333333333,3.1999999999999997,2.6666666666666665,5.766666666666667,2022.0,2.486666666666667,11.2,0,
Benin,0.5666666666666668,2.033333333333333,1.4666666666666663,2.433333333333333,2020.0,3.5222222222222217,38.5,0,
Bhutan,3.6,5.7,2.1,4.6,2021.0,6.988888888888888,13.0,0,
Bolivia,2.3,1.0999999999999999,-1.2,-0.5999999999999999,2022.0,311.90444444444444,11749.6,0,
Bosnia and Herzegovina,0.9333333333333335,4.966666666666667,4.033333333333333,13.066666666666666,2022.0,2.256666666666667,14.0,0,
Botswana,3.0666666666666664,6.933333333333333,3.8666666666666663,9.133333333333333,2022.0,8.508888888888887,16.5,0,
Brazil,3.6,6.933333333333334,3.3333333333333335,5.700000000000001,2022.0,263.78000000000003,2947.7,0,
Brunei Darussalam,-0.23333333333333336,2.433333333333333,2.6666666666666665,3.9333333333333336,2022.0,1.1372093023255816,6.0,0,
Bulgaria,2.1,5.666666666666667,3.566666666666667,10.9,2022.0,44.637777777777785,1061.2,0,
Burkina Faso,0.09999999999999994,6.633333333333333,6.533333333333333,14.0,2022.0,3.5,24.7,0,
Burundi,4.366666666666667,11.5,7.133333333333333,14.533333333333331,2022.0,10.168888888888889,31.1,0,
Cabo Verde,1.0666666666666667,3.466666666666667,2.4000000000000004,6.833333333333334,2022.0,5.3,21.1,0,
Cambodia,2.4333333333333336,3.6999999999999997,1.2666666666666662,2.8666666666666663,2022.0,19.102631578947364,191.0,0,
Cameroon,1.4000000000000001,3.6999999999999997,2.3,4.8999999999999995,2022.0,4.411111111111111,25.8,0,
Canada,1.9333333333333333,3.633333333333333,1.6999999999999995,4.866666666666666,2022.0,3.1688888888888886,12.5,0,
Central African Republic,2.866666666666667,3.6666666666666665,0.7999999999999994,2.9333333333333327,2022.0,4.464444444444444,24.5,0,
Chad,0.7000000000000001,3.1666666666666665,2.4666666666666663,5.1,2022.0,3.8777777777777778,41.3,0,
Chile,2.2333333333333334,6.366666666666667,4.133333333333334,9.366666666666667,2022.0,9.46,35.1,0,
"China, People's Republic of",2.1,1.7666666666666666,-0.3333333333333335,0.3999999999999999,2020.0,4.5249999999999995,24.3,0,
Colombia,3.6666666666666665,5.3999999999999995,1.733333333333333,6.533333333333333,2022.0,13.068888888888889,30.3,0,
Comoros,1.8333333333333333,4.4,2.5666666666666673,10.566666666666666,2022.0,3.8644444444444446,25.3,0,
"Congo, Dem. Rep. of the",23.233333333333334,9.9,-13.333333333333334,-11.833333333333334,2020.0,791.651111111111,23773.1,0,
"Congo, Republic of ",0.6666666666666666,2.1333333333333333,1.4666666666666668,2.3333333333333335,2022.0,2.4888888888888894,12.7,0,
Costa Rica,1.9666666666666668,3.566666666666667,1.6,6.333333333333334,2022.0,12.991111111111113,90.3,0,
Croatia,1.2333333333333334,4.466666666666666,3.2333333333333325,9.466666666666665,2022.0,53.346875,1518.5,0,
Cyprus,0.7000000000000001,3.0666666666666664,2.3666666666666663,7.3999999999999995,2022.0,3.2377777777777776,13.5,0,
Czech Republic,2.4666666666666663,7.366666666666667,4.9,12.633333333333333,2022.0,3.882758620689655,15.1,0,
Côte d'Ivoire,0.6666666666666666,3.9333333333333336,3.266666666666667,4.533333333333333,2022.0,3.9711111111111115,26.0,0,
Denmark,0.8333333333333334,3.5666666666666664,2.733333333333333,7.666666666666667,2022.0,3.0066666666666664,11.7,0,
Djibouti,1.3333333333333333,2.733333333333333,1.3999999999999997,3.866666666666667,2022.0,2.961764705882353,8.7,0,
Dominica,0.9333333333333332,2.566666666666667,1.6333333333333337,5.866666666666666,2022.0,3.0288888888888885,23.9,0,
Dominican Republic,2.9000000000000004,6.933333333333334,4.033333333333333,5.9,2022.0,12.546666666666665,51.5,0,
Ecuador,0.16666666666666666,1.0999999999999999,0.9333333333333332,3.3333333333333335,2022.0,20.915555555555553,96.1,0,
Egypt,19.433333333333334,6.233333333333333,-13.2,-10.933333333333334,2022.0,12.38,32.2,0,
El Salvador,0.7333333333333334,3.4333333333333336,2.7,6.466666666666667,2022.0,8.004444444444443,31.9,0,
Equatorial Guinea,1.0666666666666667,3.2000000000000006,2.1333333333333337,3.833333333333334,2022.0,8.928888888888888,84.0,0,
Eritrea,-8.8,,,,,10.374074074074075,33.9,0,
Estonia,3.133333333333333,7.766666666666666,4.633333333333333,16.266666666666666,2022.0,7.23225806451613,47.7,0,
Eswatini,4.533333333333333,4.133333333333333,-0.40000000000000036,0.2666666666666666,2022.0,8.955555555555556,20.5,0,
Ethiopia,13.433333333333332,27.03333333333333,13.6,20.46666666666667,2022.0,11.302222222222222,44.4,0,
Fiji,3.0666666666666664,0.6333333333333333,-2.433333333333333,1.2333333333333334,2022.0,4.253333333333334,14.5,0,
Finland,1.0333333333333334,3.233333333333333,2.1999999999999993,6.166666666666667,2022.0,3.2244444444444444,12.0,0,
France,1.5333333333333332,2.8333333333333335,1.3000000000000003,4.366666666666667,2022.0,3.1377777777777776,13.3,0,
Gabon,3.1666666666666665,2.3666666666666667,-0.7999999999999998,1.1333333333333333,2022.0,3.4844444444444447,36.1,0,
"Gambia, The",7.2,8.266666666666667,1.0666666666666673,4.3,2022.0,9.088888888888887,56.6,0,
Georgia,4.5,8.9,4.4,7.4,2022.0,5.7749999999999995,19.1,0,
Germany,1.6666666666666667,4.1,2.4333333333333327,7.033333333333332,2022.0,2.355555555555556,8.7,0,
Ghana,9.766666666666667,17.266666666666666,7.499999999999998,22.133333333333333,2022.0,25.931111111111115,122.2,0,
Greece,0.8000000000000002,2.866666666666667,2.066666666666667,8.5,2022.0,8.006666666666668,24.9,0,
Grenada,0.7666666666666667,1.0333333333333334,0.2666666666666667,1.8333333333333335,2022.0,3.282222222222222,21.8,0,
Guatemala,3.9666666666666663,4.8,0.8333333333333335,2.933333333333334,2022.0,9.102222222222222,38.0,0,
Guinea,9.4,11.233333333333334,1.833333333333334,3.1999999999999993,2021.0,16.775555555555556,64.7,0,
Guinea-Bissau,0.16666666666666666,4.233333333333333,4.066666666666666,7.733333333333333,2022.0,22.662222222222223,112.7,0,
Guyana,1.7666666666666668,3.6666666666666665,1.8999999999999997,4.733333333333333,2022.0,14.0,103.1,0,
Haiti,13.1,22.133333333333336,9.033333333333337,14.500000000000002,2022.0,13.128888888888888,43.6,0,
Honduras,4.2,5.7,1.5,4.8999999999999995,2022.0,9.522222222222222,33.9,0,
Hong Kong SAR,2.2666666666666666,1.2666666666666666,-1.0,-0.3666666666666667,2022.0,4.048888888888889,11.2,0,
Hungary,2.8666666666666667,7.633333333333333,4.766666666666666,11.633333333333333,2022.0,9.88888888888889,34.2,0,
Iceland,2.5,5.2,2.7,5.800000000000001,2022.0,12.257777777777775,84.3,0,
India,3.9333333333333336,6.133333333333333,2.1999999999999993,2.7666666666666666,2022.0,7.5,13.5,0,
Indonesia,3.2999999999999994,2.6,-0.6999999999999993,0.9000000000000008,2022.0,8.604444444444445,58.4,0,
Iran,24.833333333333332,40.8,15.966666666666665,20.966666666666665,2022.0,22.15111111111111,49.3,0,
Iraq,0.13333333333333336,3.8666666666666667,3.7333333333333334,5.866666666666666,2021.0,8.125000000000002,53.2,0,
Ireland,0.6333333333333333,3.3333333333333335,2.7,7.466666666666667,2022.0,3.7377777777777776,20.2,0,
Israel,0.6,1.7666666666666668,1.166666666666667,3.8000000000000003,2022.0,36.39333333333333,373.8,0,
Italy,1.0333333333333334,3.5,2.466666666666667,7.666666666666666,2022.0,4.664444444444444,21.8,0,
Jamaica,4.000000000000001,7.133333333333334,3.133333333333333,6.3,2022.0,14.624444444444444,77.3,0,
Japan,0.6666666666666666,0.7666666666666666,0.09999999999999998,1.8333333333333335,2022.0,1.0711111111111111,7.8,0,
Jordan,2.933333333333333,1.9666666666666668,-0.9666666666666663,1.266666666666667,2022.0,4.348888888888888,25.7,0,
Kazakhstan,6.2,9.933333333333334,3.7333333333333334,8.8,2022.0,110.36250000000001,1662.3,0,
Kenya,5.966666666666666,6.333333333333333,0.36666666666666714,1.6333333333333337,2022.0,10.628888888888891,46.0,0,
Kiribati,-0.26666666666666666,3.3333333333333335,3.6,5.566666666666666,2022.0,3.0911111111111116,16.1,0,
"Korea, Republic of",1.2666666666666666,2.6999999999999997,1.4333333333333331,3.833333333333333,2022.0,4.526666666666666,28.7,0,
Kosovo,1.7666666666666668,5.066666666666666,3.3,9.933333333333332,2022.0,2.85,11.7,0,
Kuwait,1.1,3.1666666666666665,2.0666666666666664,2.9,2022.0,2.5818181818181816,4.0,0,
Kyrgyz Republic,1.9333333333333336,10.700000000000001,8.766666666666667,11.966666666666667,2022.0,46.46363636363636,1086.2,0,
Lao P.D.R.,2.033333333333333,10.633333333333333,8.6,20.96666666666667,2022.0,24.104444444444447,188.8,0,
Latvia,2.733333333333333,6.833333333333333,4.1,14.466666666666667,2022.0,9.678125,109.2,0,
Lebanon,4.5,136.96666666666667,132.46666666666667,166.7,2022.0,39.858139534883726,487.2,0,
Lesotho,4.8,6.3999999999999995,1.5999999999999996,3.3999999999999995,2022.0,9.057777777777778,19.6,0,
Liberia,20.966666666666665,10.799999999999999,-10.166666666666666,-3.966666666666665,2020.0,10.411538461538463,27.0,0,
Libya,12.333333333333334,2.966666666666667,-9.366666666666667,-7.833333333333334,2022.0,5.984444444444444,25.9,0,
Lithuania,2.8000000000000003,8.2,5.399999999999999,16.099999999999998,2022.0,4.320689655172413,23.1,0,
Luxembourg,1.9333333333333333,3.8666666666666667,1.9333333333333333,6.166666666666666,2022.0,2.9533333333333336,9.4,0,
Macao SAR,2.3333333333333335,0.6,-1.7333333333333334,-1.3333333333333335,2022.0,2.882608695652174,8.6,0,
Madagascar,7.599999999999999,6.066666666666666,-1.5333333333333323,0.6000000000000005,2022.0,12.726666666666668,49.0,0,
Malawi,10.033333333333333,12.9,2.866666666666667,10.766666666666667,2022.0,19.253333333333334,83.1,0,
Malaysia,1.8333333333333333,1.5999999999999999,-0.2333333333333334,1.5666666666666667,2022.0,2.8266666666666675,9.7,0,
Maldives,1.6666666666666667,0.39999999999999997,-1.2666666666666668,0.9333333333333333,2022.0,5.473333333333333,27.9,0,
Mali,0.4333333333333333,4.666666666666667,4.233333333333333,9.266666666666666,2022.0,3.54,24.3,0,
Malta,1.5,2.533333333333333,1.0333333333333332,4.6,2022.0,2.4844444444444442,11.6,0,
Marshall Islands,0.26666666666666666,1.5666666666666667,1.3,2.9333333333333336,2022.0,2.5190476190476194,14.7,0,
Mauritania,2.566666666666667,5.2,2.6333333333333333,7.033333333333333,2022.0,5.335294117647059,12.1,0,
Mauritius,2.466666666666667,5.766666666666667,3.3,8.333333333333334,2022.0,7.064444444444446,33.0,0,
Mexico,4.833333333333333,5.666666666666667,0.8333333333333339,3.0666666666666673,2022.0,22.499999999999996,132.0,0,
"Micronesia, Fed. States of",1.1,2.6,1.5,3.9,2022.0,2.637931034482758,8.2,0,
Moldova,4.966666666666666,12.5,7.533333333333334,23.633333333333336,2022.0,45.825,788.5,0,
Mongolia,6.133333333333333,8.766666666666667,2.6333333333333346,9.066666666666666,2022.0,32.48235294117647,268.4,0,
Montenegro,1.8,5.066666666666666,3.2666666666666666,11.2,2022.0,5.972,29.9,0,
Morocco,0.8333333333333334,2.9,2.0666666666666664,5.766666666666667,2022.0,3.7022222222222227,12.5,0,
Mozambique,7.266666666666667,6.2,-1.0666666666666664,2.533333333333334,2022.0,21.666666666666668,164.1,0,
Myanmar,6.366666666666667,8.5,2.133333333333333,9.833333333333332,2022.0,12.1,47.5,0,
Namibia,4.699999999999999,3.966666666666667,-0.7333333333333325,1.4000000000000004,2022.0,7.628571428571429,21.6,0,
Nauru,-1.7000000000000002,2.6,4.300000000000001,6.5,2022.0,4.145,22.4,0,
Nepal,4.3999999999999995,5.333333333333333,0.9333333333333336,1.9000000000000004,2022.0,8.166666666666668,21.1,0,
Netherlands,1.866666666666667,5.166666666666667,3.3,9.733333333333333,2022.0,2.3659090909090907,11.6,0,
New Zealand,1.7,4.266666666666667,2.5666666666666664,5.5,2022.0,4.5088888888888885,17.1,0,
Nicaragua,4.733333333333333,6.366666666666667,1.6333333333333337,5.766666666666667,2022.0,676.1533333333333,13109.5,0,
Niger,0.16666666666666666,3.633333333333333,3.4666666666666663,4.033333333333333,2022.0,3.295555555555555,35.5,0,
Nigeria,13.333333333333334,16.333333333333332,2.9999999999999982,5.466666666666667,2022.0,13.544827586206896,29.3,0,
North Macedonia ,1.2333333333333334,6.2,4.966666666666667,12.966666666666665,2022.0,17.46875,338.7,0,
Norway,2.3,3.533333333333333,1.2333333333333334,3.5,2022.0,3.7800000000000007,13.6,0,
Oman,0.8666666666666667,1.1333333333333333,0.2666666666666666,1.9333333333333331,2022.0,1.8399999999999999,12.6,0,
Pakistan,4.8999999999999995,10.566666666666668,5.666666666666669,7.2,2022.0,8.946666666666667,29.2,0,
Palau,1.3,4.466666666666666,3.166666666666666,11.899999999999999,2022.0,3.195833333333333,13.2,0,
Panama,0.4333333333333334,0.9666666666666667,0.5333333333333332,2.4666666666666663,2022.0,2.155555555555556,13.8,0,
Papua New Guinea,4.566666666666667,4.8999999999999995,0.33333333333333215,0.7333333333333325,2022.0,6.719999999999998,17.3,0,
Paraguay,3.4666666666666663,5.466666666666666,1.9999999999999996,6.333333333333334,2022.0,11.482222222222223,38.2,0,
Peru,2.0666666666666664,4.566666666666666,2.5,5.833333333333334,2022.0,288.1933333333333,7481.7,0,
Philippines,3.533333333333333,4.033333333333333,0.5,2.2666666666666666,2022.0,7.535555555555555,46.7,0,
Poland,2.0,7.633333333333333,5.633333333333333,12.4,2022.0,34.22222222222222,585.8,0,
Portugal,1.0333333333333332,2.966666666666667,1.9333333333333336,7.066666666666666,2022.0,6.228888888888888,29.3,0,
Puerto Rico,1.0666666666666667,2.6,1.5333333333333334,4.833333333333334,2022.0,2.0818181818181825,9.5,0,
Qatar,-0.0666666666666667,1.5999999999999999,1.6666666666666665,5.066666666666666,2022.0,3.300000000000001,15.1,0,
Romania,3.233333333333333,7.133333333333333,3.9,10.566666666666668,2022.0,32.94666666666666,256.1,0,
Russian Federation,3.6999999999999997,7.966666666666666,4.266666666666666,10.100000000000001,2022.0,100.10285714285715,1569.1,0,
Rwanda,2.8666666666666667,7.466666666666666,4.6,11.033333333333333,2022.0,8.002222222222223,56.0,0,
Saint Kitts and Nevis,-0.20000000000000004,0.9,1.1,2.9000000000000004,2022.0,2.902222222222222,19.3,0,
Saint Lucia,1.0666666666666667,2.3333333333333335,1.2666666666666668,5.333333333333334,2022.0,3.195555555555555,19.4,0,
Saint Vincent and the Grenadines,1.8,2.2333333333333334,0.43333333333333335,3.9000000000000004,2022.0,3.2333333333333334,17.5,0,
Samoa,2.4,2.4,0.0,6.299999999999999,2022.0,6.266666666666667,33.0,0,
San Marino,0.9,2.433333333333333,1.5333333333333332,4.3999999999999995,2022.0,2.0318181818181817,5.9,0,
Saudi Arabia,-0.1333333333333334,3.0,3.1333333333333333,3.533333333333333,2020.0,1.3155555555555556,6.1,0,
Senegal,0.8666666666666667,4.8,3.933333333333333,8.833333333333332,2022.0,3.7355555555555555,32.1,0,
Serbia,2.3,5.8999999999999995,3.5999999999999996,9.7,2022.0,14.110714285714286,80.7,0,
Seychelles,2.8000000000000003,4.533333333333333,1.733333333333333,7.0,2021.0,4.237777777777778,37.0,0,
Sierra Leone,16.333333333333332,17.5,1.1666666666666679,10.866666666666667,2022.0,30.820000000000007,178.7,0,
Singapore,0.5333333333333333,2.733333333333333,2.1999999999999997,5.566666666666666,2022.0,2.122222222222222,8.5,0,
Slovak Republic,2.233333333333333,5.633333333333333,3.4,9.866666666666667,2022.0,4.945161290322581,13.5,0,
Slovenia,1.5666666666666664,3.5333333333333337,1.9666666666666672,7.233333333333334,2022.0,5.69375,31.9,0,
Solomon Islands,1.8666666666666665,2.8000000000000003,0.9333333333333338,3.6333333333333337,2022.0,8.091111111111111,17.3,0,
Somalia,4.266666666666667,5.233333333333333,0.9666666666666668,2.533333333333333,2022.0,3.608333333333334,6.8,0,
South Africa,4.666666666666666,4.933333333333334,0.2666666666666675,2.2333333333333343,2022.0,8.49777777777778,18.1,0,
"South Sudan, Republic of",115.23333333333333,17.0,-98.23333333333333,-85.03333333333333,2021.0,66.89999999999999,346.1,0,
Spain,1.5,3.6666666666666665,2.1666666666666665,6.800000000000001,2022.0,4.58,15.6,0,
Sri Lanka,5.066666666666666,18.6,13.533333333333335,40.13333333333334,2022.0,10.669767441860465,45.2,0,
Sudan,48.9,220.4,171.5,310.20000000000005,2021.0,57.728888888888896,359.1,0,
Suriname,11.1,48.800000000000004,37.7,48.0,2021.0,22.857777777777777,142.8,0,
Sweden,1.8666666666666665,3.8333333333333335,1.966666666666667,6.233333333333333,2022.0,3.7977777777777773,17.5,0,
Switzerland,0.6,0.8999999999999999,0.29999999999999993,2.1999999999999997,2022.0,1.6177777777777778,6.5,0,
Syria,,,,,,11.764516129032256,71.4,0,
São Tomé and Príncipe,7.1000000000000005,11.966666666666667,4.866666666666666,10.899999999999999,2022.0,19.21111111111111,69.0,0,
Taiwan Province of China,0.8666666666666667,1.5666666666666667,0.7,2.033333333333333,2022.0,2.171111111111111,19.0,0,
Tajikistan,6.3,8.066666666666668,1.7666666666666684,2.7,2021.0,137.696875,2600.7,0,
Tanzania,4.066666666666667,3.8000000000000003,-0.26666666666666705,0.33333333333333304,2022.0,15.31333333333333,37.9,0,
Thailand,0.8333333333333334,2.1666666666666665,1.333333333333333,5.266666666666667,2022.0,3.5066666666666655,19.7,0,
Timor-Leste,1.2333333333333332,3.766666666666667,2.533333333333334,5.766666666666667,2022.0,4.279166666666667,13.2,0,
Togo,0.4666666666666666,4.633333333333333,4.166666666666666,7.133333333333333,2022.0,3.931111111111112,35.3,0,
Tonga,5.766666666666667,3.4333333333333336,-2.333333333333333,2.7333333333333334,2022.0,6.126666666666668,29.9,0,
Trinidad and Tobago,1.3,2.8333333333333335,1.5333333333333334,4.5,2022.0,6.815555555555555,17.5,0,
Tunisia,6.433333333333334,6.533333333333334,0.10000000000000053,1.8666666666666671,2022.0,5.677777777777778,13.7,0,
Turkmenistan,8.799999999999999,12.266666666666666,3.466666666666667,10.700000000000001,2021.0,223.99062500000002,3102.4,0,
Tuvalu,3.266666666666667,6.533333333333334,3.266666666666667,8.233333333333333,2022.0,3.3666666666666667,11.5,0,
"Türkiye, Republic of",14.199999999999998,34.733333333333334,20.53333333333334,58.1,2022.0,40.72888888888889,110.6,0,
Uganda,3.4,4.066666666666666,0.6666666666666665,3.8000000000000003,2022.0,34.51111111111111,215.4,0,
Ukraine,11.066666666666668,10.766666666666666,-0.3000000000000025,9.133333333333331,2022.0,232.19696969696963,4734.9,0,
United Arab Emirates,1.0666666666666667,0.8666666666666666,-0.20000000000000007,3.7333333333333334,2022.0,3.531111111111112,12.3,0,
United Kingdom,2.3333333333333335,4.2,1.8666666666666667,6.766666666666666,2022.0,3.7244444444444436,16.8,0,
United States,2.1,4.666666666666667,2.566666666666667,5.9,2022.0,3.3288888888888892,13.5,0,
Uruguay,7.233333333333334,8.866666666666667,1.6333333333333329,2.5666666666666664,2020.0,28.208888888888886,112.5,0,
Uzbekistan,15.299999999999999,11.700000000000001,-3.599999999999998,-2.3999999999999986,2020.0,108.2090909090909,1568.3,0,
Vanuatu,2.733333333333333,4.866666666666666,2.1333333333333333,4.2666666666666675,2022.0,4.448888888888889,26.8,0,
Venezuela,28572.733333333334,1376.7,-27196.033333333333,-26217.633333333335,2020.0,2041.728888888889,65374.1,1,"Pre-COVID avg inflation 28,573% — hyperinflation outlier, excluded from main chart for readability"
Vietnam,3.266666666666667,2.733333333333333,-0.5333333333333341,-0.06666666666666687,2020.0,45.211111111111116,453.5,0,
West Bank and Gaza,0.5333333333333333,1.4000000000000001,0.8666666666666668,3.166666666666667,2022.0,3.0535714285714293,9.9,0,
Yemen,26.566666666666666,27.566666666666666,1.0,4.933333333333334,2021.0,22.44705882352941,71.3,0,
Zambia,7.766666666666666,16.233333333333334,8.466666666666669,14.233333333333334,2021.0,30.3,158.4,0,
Zimbabwe,88.93333333333334,283.03333333333336,194.10000000000002,468.2666666666667,2020.0,39.779545454545456,557.2,0,
